{"type":"Topology","transform":{"scale":[22.99023794615848,20.423529498962367],"translate":[1091130.77,1813891.89]},"arcs":[[[3113,4867],[3,-127],[-1,-2],[-98,-3],[-250,-6]],[[2767,4729],[-230,-6]],[[2537,4723],[-10,390]],[[2527,5113],[236,6],[215,4],[128,3]],[[3106,5126],[-2,-33],[6,-104],[3,-122]],[[2537,4723],[-582,-16]],[[1955,4707],[-112,-3]],[[1843,4704],[-10,389]],[[1833,5093],[231,7]],[[2064,5100],[463,13]],[[1843,4704],[-208,-5],[-37,-2],[-11,391]],[[1587,5088],[8,-1],[238,6]],[[3241,4353],[-115,-3],[-3,127],[-121,-4],[-229,-5]],[[2773,4468],[-7,251],[1,10]],[[3113,4867],[110,4]],[[3223,4871],[4,0]],[[3227,4871],[2,-43],[12,-475]],[[2773,4468],[-233,-5],[-180,-7]],[[2360,4456],[-53,-2],[-221,-4],[-124,-3]],[[1962,4447],[-7,260]],[[3975,4353],[-74,0],[-78,-4],[-67,10],[-18,-1],[-33,-25]],[[3705,4333],[-3,159]],[[3702,4492],[-1,8]],[[3701,4500],[-2,95],[-3,18],[70,2]],[[3766,4615],[9,-22],[31,-17],[53,-114],[14,-27],[20,4],[22,51],[91,4],[1,-55],[-88,-3],[1,-16],[104,3],[29,-1],[0,-15],[-28,-6],[-102,-3],[1,-29],[21,0],[2,-13],[28,-3]],[[2365,2635],[4,-10],[3,-73],[-13,-38],[6,-204]],[[2365,2310],[-471,-17],[-224,-7],[0,9],[-11,320],[-1,104],[52,26],[109,4],[74,2],[207,8],[137,4],[-5,233],[100,49],[-2,108],[74,2]],[[2404,3155],[-1,-28],[-58,-32],[10,-427],[10,-33]],[[3068,2006],[9,-390]],[[3077,1616],[-694,-24],[1,42],[-10,351]],[[2374,1985],[108,5],[122,3],[0,4],[73,5],[159,0],[14,-3],[159,3],[1,-6],[58,10]],[[3375,6306],[-16,-1],[-176,-4],[-109,-4]],[[3074,6297],[-3,114],[2,16],[-21,65],[20,1],[-2,82],[-2,5],[0,101]],[[3068,6681],[86,0],[-37,45],[-10,20],[141,0],[13,-29],[1,-41],[7,-8],[3,-26],[29,-95],[52,-77],[7,-20],[-18,-1],[1,-37],[5,-30],[11,-26],[5,-27],[11,-23]],[[3074,6297],[-347,-11]],[[2727,6286],[-1,126],[2,128],[2,133],[224,9],[114,-1]],[[3426,6049],[-65,-3],[-218,-7],[-59,-4]],[[3084,6035],[-10,262]],[[3375,6306],[5,-31],[-4,-35],[6,-26],[-2,-23],[1,-58],[7,-15],[31,-35],[14,-6],[-7,-28]],[[3426,6049],[-2,-24],[3,-53],[20,-24],[25,-12],[3,-11],[2,-60],[15,-48],[24,-41],[30,-28],[37,-15],[64,-17],[13,-33],[-9,-15],[-30,-17],[-20,-27],[-18,-10],[-17,1],[-22,10],[6,16],[21,-10],[20,8],[17,23],[-18,14],[-51,-9],[-10,-7]],[[3529,5660],[-437,-13]],[[3092,5647],[-9,355],[1,33]],[[3092,5647],[-118,-3],[-231,-4],[-229,-6]],[[2514,5634],[-10,389]],[[2504,6023],[238,7],[342,5]],[[2064,5100],[-15,522]],[[2049,5622],[465,12]],[[2514,5634],[13,-521]],[[3670,5150],[-54,0],[-28,-8],[-361,-12],[-121,-4]],[[3106,5126],[-7,260]],[[3099,5386],[105,3],[237,8],[26,1],[100,50]],[[3567,5448],[17,-47],[34,-58],[2,-17],[-19,1],[-15,45],[-34,15],[-2,-32],[23,-42],[3,-24],[14,-23],[19,-2],[9,30],[11,-18],[10,-41],[8,-13],[3,-27],[20,-45]],[[4322,2690],[-33,3],[-112,-3],[-5,-7],[-27,-1],[-5,6],[-178,-4],[-8,-16],[-16,-12],[-21,-4],[-18,6],[-24,17],[-131,-5]],[[3744,2670],[-7,266]],[[3737,2936],[237,8],[157,4],[13,2],[54,31]],[[4198,2981],[4,-25],[22,-50],[7,-11],[53,-54],[-5,-26],[3,-45],[6,-21],[17,-24],[33,-3],[2,-26],[-18,-6]],[[3757,2156],[3,-130]],[[3760,2026],[-164,-5],[-38,1],[-40,-7],[-104,-3]],[[3414,2012],[-16,646]],[[3398,2658],[102,3],[244,9]],[[3744,2670],[10,-417],[3,-97]],[[3414,2012],[-58,3],[-173,-3],[-115,-6]],[[3068,2006],[-16,650]],[[3052,2656],[10,-7],[336,9]],[[4728,1926],[-309,-9],[-197,-6]],[[4222,1911],[-7,262]],[[4215,2173],[1,60],[-4,198],[44,-3],[33,-15],[49,20],[26,0],[45,11]],[[4409,2444],[-39,-19],[-16,-15],[-10,-27],[6,-38],[16,-4],[18,5],[3,14],[-20,31],[18,5],[36,-39],[25,-43],[14,-18],[24,-15],[5,-30],[11,-25],[21,-10],[12,14],[2,-43],[-12,-10],[-1,-15],[24,-24],[9,-21],[43,-36],[64,-37],[18,0],[40,26],[16,-18],[11,-23],[12,-9],[-37,-34],[-8,-23],[14,-37]],[[4959,527],[-295,-2],[-74,2],[-115,-1],[-215,-5]],[[4260,521],[-22,753],[-2,116]],[[4236,1390],[-4,50],[-9,415],[-1,56]],[[4728,1926],[33,-3],[108,-63],[9,-24],[10,-100],[-9,-4],[-108,-3],[0,-9],[118,3],[11,-122],[-6,-24],[7,-6],[44,-9],[7,-8],[4,-164],[-12,-19],[-1,-32],[13,-29],[-30,-8],[-19,-23],[2,-17],[13,-29],[12,-14],[-24,-27],[47,-41],[1,-104],[0,-131],[1,-128],[0,-261]],[[3570,460],[-190,-5],[-41,0],[-4,128],[-64,-2],[-6,-27],[-13,4],[5,22],[-125,-4],[-26,0]],[[3106,576],[-18,650]],[[3088,1226],[-4,130]],[[3084,1356],[461,13]],[[3545,1369],[7,-255],[11,-397],[7,-257]],[[4959,527],[0,-517],[-293,-2],[-149,0],[-267,-2]],[[4250,6],[-2,194],[-50,85]],[[4198,285],[-133,227],[-10,20],[205,-11]],[[3577,238],[-2,-6],[-67,-3],[-3,99],[69,2]],[[3574,330],[3,-92]],[[3241,4353],[3,-67],[8,-326]],[[3252,3960],[-350,-9]],[[2902,3951],[-115,-3]],[[2787,3948],[-4,133],[-10,387]],[[2787,3948],[-214,-5],[-192,-6]],[[2381,3937],[-7,260],[4,0],[-2,126],[-8,2],[-5,114],[-3,17]],[[2381,3937],[-404,-12],[-4,135],[-11,387]],[[3844,4171],[-52,-1],[-1,45],[-42,-1],[-1,-23],[-110,-4]],[[3638,4187],[-1,46]],[[3637,4233],[208,7]],[[3845,4240],[-3,-30],[2,-39]],[[3845,4148],[2,-146],[10,-10],[24,3],[12,-17],[-4,-14],[59,3],[19,4],[6,-16],[-22,-28],[6,-40],[12,-7],[1,-34],[-13,-3],[6,-116],[-26,-4],[-14,14],[7,52],[-13,41],[-3,25],[10,33],[2,19],[-11,42],[-26,-1],[-8,-54],[12,-43]],[[3893,3851],[-211,-7],[-40,0]],[[3642,3844],[0,160],[-3,138]],[[3639,4142],[206,6]],[[3737,2936],[-5,191],[-3,172],[-1,26]],[[3728,3325],[227,6],[56,3]],[[4011,3334],[33,-61],[29,-34],[0,-35],[7,-32],[23,-43],[30,-26],[6,-31],[20,-35],[3,-16],[18,-26],[18,-14]],[[3052,2656],[-5,216],[-11,434]],[[3036,3306],[340,9],[121,3]],[[3497,3318],[231,7]],[[761,5852],[0,-16]],[[761,5836],[-57,-3],[-1,-132],[2,-147],[-10,-2],[-47,7],[-55,10],[-31,-1],[1,-130],[-130,-4],[-100,31],[0,-17],[-29,11],[-1,55],[-5,31],[-19,11],[-64,16],[1,-81],[-50,18],[-1,74],[-67,17],[-2,85],[-30,0],[0,37],[-40,-46],[-19,0],[-1,257],[-3,265],[13,0],[7,41],[20,53],[13,24],[25,33],[34,39],[1,-35],[57,1],[0,-21],[59,2],[-1,68],[153,6],[-1,66],[23,1],[78,-34],[37,-23],[20,-1],[0,-53],[13,22],[16,1],[23,-14],[-5,-17],[-47,-4],[-37,-9],[0,-19],[96,-20],[52,-16],[6,-4],[0,-55],[49,3],[41,-171],[13,0],[0,-49],[26,-111],[-26,-1],[0,-49]],[[3,6281],[-3,46],[59,2],[-23,-41],[-33,-7]],[[77,6404],[-9,-1],[1,-59],[-9,-14],[-3,129],[20,1],[0,-56]],[[3092,5647],[7,-261]],[[3497,3318],[-7,314],[1,39],[-5,167]],[[3486,3838],[106,3],[50,3]],[[3893,3851],[3,-30],[-10,-19],[2,-23],[21,-27],[8,-39],[16,-39],[-4,-32],[13,-50],[-8,-19],[24,-91],[13,-20],[3,-37],[16,-26],[-6,-11],[6,-19],[18,-11],[3,-24]],[[3637,4233],[-2,45]],[[3635,4278],[108,2],[22,-2],[111,1],[43,2]],[[3919,4281],[0,-7],[-33,-1],[-2,-13],[-15,-13],[-24,-7]],[[3975,4353],[-55,-10],[-1,-62]],[[3635,4278],[-1,55]],[[3634,4333],[71,0]],[[3036,3306],[-116,-5]],[[2920,3301],[-6,205],[-12,445]],[[3252,3960],[231,8],[3,-130]],[[3568,4140],[71,2]],[[3241,4353],[3,0]],[[3244,4353],[228,6]],[[3472,4359],[6,-221],[90,2]],[[3563,4359],[6,-211],[-1,-8]],[[3472,4359],[91,0]],[[3638,4187],[1,-45]],[[3563,4359],[35,2],[14,-30],[22,2]],[[3741,4756],[-209,-4],[-71,-3]],[[3461,4749],[-101,-3],[-15,58],[-14,19],[-25,18],[-20,-13],[-10,7],[-7,30],[-10,15],[-32,-9]],[[3227,4871],[-4,0]],[[3670,5150],[-12,-12],[9,-16],[-3,-33],[6,-37],[11,-22],[-8,-15],[5,-40],[16,-44],[15,-54],[-7,-7],[19,-33],[36,-35],[24,-14],[-24,-10],[-16,-22]],[[1768,6331],[37,-61],[-2,-251]],[[1803,6019],[-227,-4],[-76,-2],[-8,-14],[-18,-6],[-149,-7],[-210,-7],[-118,0]],[[997,5979],[2,21],[-11,39],[3,30],[10,35],[-4,20],[24,-8],[51,-5],[126,-28],[185,-38],[13,154],[8,68],[1,258],[13,10],[0,64],[-13,0],[-1,55],[173,7],[0,-323],[17,12],[50,1],[17,-12],[2,-16],[28,1],[0,16],[71,1],[6,-10]],[[1768,6331],[101,74],[-15,21],[-64,113],[111,1],[1,60],[26,0],[-1,-60],[44,0],[36,-103],[14,-24],[41,-27],[3,7],[-24,17],[0,65],[68,0],[-2,-85],[-4,-33],[111,-77],[283,1]],[[2497,6281],[2,-115],[27,20],[1,-31],[-26,-1],[3,-131]],[[2504,6023],[-102,-2],[-69,-3],[-62,0],[-16,5],[-22,-15],[-12,20],[-80,-2],[-65,-4],[-273,-3]],[[4198,285],[-43,-3],[-71,-17],[-42,-3],[-185,-3]],[[3857,259],[-24,-1],[2,31],[-30,24],[-29,2],[-22,-11],[-58,-70],[-21,-5],[-39,-3],[-59,12]],[[3574,330],[-4,130]],[[3545,1369],[206,6],[26,0]],[[3777,1375],[13,2],[254,7],[192,6]],[[4250,6],